{"cameraMode":{"drawMode":0,"name":"Shaded","section":"Shading Mode"},"sceneLighting":false,"audioPlay":false,"sceneViewState":{"m_AlwaysRefresh":false,"showFog":true,"showSkybox":false,"showFlares":true,"showImageEffects":true,"showParticleSystems":true,"showVisualEffectGraphs":true,"m_FxEnabled":true},"in2DMode":false,"pivot":{"x":-2.384185791015625e-7,"y":-3.5762786865234377e-7,"z":0.40000009536743166},"rotation":{"x":0.10935015231370926,"y":0.5896552205085754,"z":-0.08099157363176346,"w":0.7961157560348511},"size":0.4859490692615509,"orthographic":true}